{
  "tiff": "image/tiff",
  "tga": "image/x-tga",
  "gif": "image/gif",
  "psd": "image/vnd.adobe.photoshop",
  "tif": "image/tiff",
  "bmp": "image/bmp",
  "png": "image/png",
  "jpeg": "image/jpeg",
  "jpg": "image/jpeg",
  "tar.gz": "application/gzip",
  "gz": "application/gzip",
  "bz2": "application/x-bzip2",
  "iso": "application/x-iso9660-image",
  "torrent": "application/x-bittorrent",
  "7z": "application/x-7z-compressed",
  "ace": "application/x-ace-compressed",
  "gtar": "application/x-gtar",
  "tar": "application/x-tar",
  "zip": "application/zip",
  "rar": "application/x-rar-compressed",
  "xml": "application/xml",
  "pps": "application/vnd.ms-powerpoint",
  "docx": "application/vnd.openxmlformats-officedocument.wordprocessingml.document",
  "doc": "application/msword",
  "pdf": "application/pdf",
  "ra": "audio/x-pn-realaudio",
  "ram": "audio/x-pn-realaudio",
  "rm": "application/vnd.rn-realmedia",
  "wma": "audio/x-ms-wma",
  "wmv": "video/x-ms-wmv",
  "swf": "application/x-shockwave-flash",
  "flv": "video/x-flv",
  "3ga": "audio/3ga",
  "mov": "video/quicktime",
  "m4a": "audio/mp4",
  "acc": "application/vnd.americandynamics.acc",
  "oga": "audio/ogg",
  "aac": "audio/x-aac",
  "m4v": "video/x-m4v",
  "3g2": "video/3gpp2",
  "avi": "video/x-msvideo",
  "3gp": "video/3gpp",
  "mp4": "video/mp4",
  "dat": "zz-application/zz-winassoc-dat",
  "mkv": "video/x-matroska",
  "apk": "application/vnd.android.package-archive",
  "ogg": "audio/ogg",
  "mp3": "audio/mpeg",
  "mpg": "video/mpeg",
  "mpeg": "video/mpeg",
  "ogm": "video/ogg"
}
